rms,zcr,spectral_centroid,spectral_bandwidth,spectral_rolloff,max_intensity,dominant_freq,mfcc,duration,sound_category
0.003116993312187253,0.0826416015625,2418.761841192583,1611.0767797312908,3779.0771484375,0.018242758189905117,861.328125,"[-575.5050720501241, 197.436641902343, -159.8362279774863, 4.303472323148896, -31.45368423803119, -36.25935757016302, -21.463539110122305, -20.3594490957745, -10.329039850315347, -25.53840638344133, -9.82082112519809, -13.48896431096065, -22.472171144788156]",0.04063492063492069,klavesnice
0.004896004513734875,0.07421875,2392.7176896933197,1662.2299358761688,3746.77734375,0.027545735000714073,1156.640625,"[-510.92861095871103, 204.23588267073052, -156.50680949532398, 16.95747722226021, -28.177481544902943, -37.21906769330322, -23.422709078394526, -26.25176244086757, -3.909464051012166, -28.282981465232456, -21.176883095571327, -17.381124531833876, -14.850411897276976]",0.04063492063492069,klavesnice
0.004157870089513102,0.0861328125,2316.1502578420746,1619.3956406087186,3712.32421875,0.02137950889519301,823.046875,"[-555.8576009436003, 195.13749879418933, -156.90156051596514, -1.53062961002036, -33.54334967926309, -40.566370085792904, -18.44257839058632, -23.216256168412055, -2.2826200557152942, -18.747294964569647, -9.948505922334427, -6.131251689685636, -6.433429129501479]",0.052244897959183634,klavesnice
0.001764913429869334,0.0205078125,3557.470100577025,4343.7866106287875,6029.296875,0.004974056971899424,861.328125,"[-568.8597898273651, 99.67409351942062, -75.12741159735687, -45.2820703062785, -27.724699700998567, -33.99506220687842, -29.083183344866747, -3.8233036772112907, 5.845052839052382, 3.3123170559555692, 7.333554802019305, 8.264165012911032, 0.45254412084600293]",0.011609977324263054,klavesnice
0.0016520177088298839,0.0791015625,5178.542628712053,3641.3824712849246,7084.423828125,0.005346272762988182,3617.578125,"[-580.2420958945207, 30.64559282981075, -90.44917698022792, 18.721311480540766, -36.2210306384188, -49.76894339631737, -17.803828836780635, -9.599130652113937, 8.9181439320385, -7.185330029194945, -13.351796965938133, 6.980881806097375, -7.134359933842209]",0.01741496598639458,klavesnice
0.0025348350782843,0.0556640625,2460.056520397025,1599.9113150118746,3782.666015625,0.014706238242534813,1412.578125,"[-593.8132593070208, 184.54920377019735, -171.79506019358004, -5.209513960717226, -34.14816604121108, -31.5856674449609, -20.387828203129043, -23.520058790711545, -11.711927263163838, -27.196794599171213, -8.7933235133017, -4.90092917903233, -6.2279432832648025]",0.029024943310657636,klavesnice
0.002152644765586956,0.0556640625,2320.8109271929357,1776.1973544082193,3481.201171875,0.010783452190640346,818.26171875,"[-596.7210031867756, 187.9652409885089, -136.05125229742032, -9.197232281176099, -19.28050391586566, -41.10436938876011, -37.30396955912246, -30.010807975397018, -15.704030734679707, -19.07028904596493, -4.321221430724807, -5.85960050188179, -19.51096599467149]",0.02321995464852611,klavesnice
0.0025251947031624308,0.0595703125,2249.609263452042,1724.9005596563588,3456.0791015625,0.010547584413820543,890.0390625,"[-595.9353665257358, 189.12785184109237, -145.76297096537303, -8.024154477482409, -31.936363322623517, -37.54150026964425, -23.574922794289606, -25.84507948425197, 0.927254679784778, -6.9758821926105465, -2.441386933562445, 4.569477286361136, -3.5235082144468386]",0.03482993197278916,klavesnice
0.004866005545719374,0.0771484375,2618.771993831287,1315.3665795678155,3438.134765625,0.02644330811583492,3100.78125,"[-590.9849096367108, 175.8495975157563, -172.71773269106657, -18.39095980208964, -16.388576436289863, -38.05006921699124, -28.570014981373713, -11.578758760195043, 6.7696316570209385, -19.634235927714762, -3.8617329531941973, 4.520805445397783, -7.185249405725679]",0.029024943310657636,klavesnice
0.001867414705140245,0.04296875,2415.2092369991437,1918.7041134034273,3545.80078125,0.007907057223044966,904.39453125,"[-598.5361537617683, 169.371695263079, -134.17482895372498, -25.340360389924722, -11.96600484894982, -26.55759853665764, -16.6150147303622, -0.9974571813190404, 6.863633637426228, -3.9365904187447742, 3.2107139653842065, 5.884879023693858, -4.458470715027209]",0.02321995464852611,klavesnice
0.0020620911766724677,0.0478515625,2611.7902416342877,1986.130764736111,3962.109375,0.011514890096404677,1851.85546875,"[-603.8971443599231, 152.53714077519314, -138.4527414813597, -27.537821963544584, -2.6804315244015293, -27.292214472933818, -17.24193575651771, -11.734319651640186, -18.153500745864147, -14.099620568259404, 2.315486087181295, -12.089414805386111, -27.618842020069433]",0.02321995464852611,klavesnice
0.0022251375354872456,0.052897135416666664,2015.8153310119171,1432.8401111341334,3179.736328125,0.011580113422495958,861.328125,"[-627.0642263456092, 197.65962508191475, -157.4215374815314, -35.09010051896454, -40.87633101765089, -26.271143487889542, -27.231391314755854, -25.558598119447264, -5.003415169324613, -18.443010075348564, 2.680104992850906, 0.4653616558436762, -11.31214939584441]",0.0290249433106576,klavesnice
0.0027339782551779788,0.04345703125,2373.8900039045693,1786.3995745763173,3391.4794921875,0.0115661844104321,1465.6891495601171,"[-613.5285814371354, 153.35168211987653, -154.48156511907138, -42.49350516881718, -23.69563196222913, -23.97336541901298, -7.225270700666885, 0.9099385856666191, 6.354234571452193, -16.39412612205053, -16.107897243681784, -3.651512125438865, -6.822309113973389]",0.023219954648525998,klavesnice
0.002396435310180817,0.064453125,2639.5756627893097,1596.1185599893267,3610.400390625,0.013529387775339794,2325.5859375,"[-617.4330526634071, 167.938407019932, -144.96406786686623, 6.992443034112978, -1.8144193212800352, -38.827371045362305, -44.254771170877056, -23.772614754594773, 8.391836492566632, -7.8367005396074605, -9.619950475111096, -10.081142296250318, -11.984837589287006]",0.02321995464852611,klavesnice
0.0017181699682615142,0.05126953125,2276.8865930795546,2103.037390618443,3818.5546875,0.007093721089793412,1119.7265625,"[-605.563796392386, 179.55896783350866, -114.62542019857564, -14.342802827719966, -29.46361653473487, -44.35471939045227, -18.809316103003436, -5.632057633991575, -6.133705774882411, -18.0027490291513, -1.28654441666587, 2.1415425130324093, -9.535191949517438]",0.02321995464852611,klavesnice
0.0021546450100168274,0.05322265625,2420.2576273438053,2008.8699116002874,3610.400390625,0.00742555957514606,1119.7265625,"[-590.3852395671811, 167.4228362005458, -136.60132369995634, -27.364372598492565, -21.69816978693053, -40.77526887518627, -33.65673281326423, -14.933896606073127, -6.464768757172784, -20.563698546960293, -14.693561402443066, -13.679045898789886, -15.531823010234268]",0.02321995464852611,klavesnice
0.0034669548587136557,0.07421875,2151.5009105636227,1609.9207342307254,3547.59521484375,0.019513173786025895,890.0390625,"[-588.3497041115291, 192.1508955961158, -148.8662711122505, -23.35399567798684, -34.66590255591912, -51.976048149299146, -29.396520672560758, -12.864878877739965, -6.6518273892676225, -20.2427345803766, -2.745720386778062, -3.1995629784382427, -5.552307669712642]",0.03482993197278905,klavesnice
0.0021127953070155946,0.0361328125,2407.56456227349,1935.0457954764056,3413.0126953125,0.008865459141805492,1091.015625,"[-601.7379977626513, 151.81904157161352, -144.80055644692993, -38.51736406873346, -34.509889283717435, -32.361569972909535, -15.678529014564704, -16.639742851693583, 1.1640905181996004, -8.182363357788729, -4.746595695806733, 9.313205020212468, -5.102339798420238]",0.017414965986394554,klavesnice
0.0018409060080072086,0.04638671875,2189.28991135031,1567.994969128964,3481.201171875,0.008066471150588008,818.26171875,"[-631.1867024457257, 200.8803602616941, -146.6298750533881, -1.2209551398515304, -45.95711118714191, -37.22827770448173, -38.38122686695492, -14.495134098664673, 10.715097215447274, -24.938405993212214, -12.071009769253289, -6.949987332435636, -11.232100644164206]",0.02321995464852608,klavesnice
0.0017456721357757103,0.009765625,3022.6584979524328,3663.5489485917847,4371.240234375,0.004453187308175649,1037.6470588235293,"[-578.8762264237574, 134.18813879419733, -65.3224824044311, -24.680794184668635, -13.128467337765944, -26.437671976225854, -14.185107739622438, 12.366800106379504, 12.320212501651719, -10.525073741002686, -9.821634554442282, 0.06042520839524418, -4.233802919685803]",0.005804988662131416,klavesnice
0.0018191900541534285,0.0576171875,2998.914864158394,2840.097460075422,4127.197265625,0.009235792616752328,3143.84765625,"[-576.0829412801818, 143.94860793028855, -112.09003359833657, -20.944845810707168, -15.001123946485547, -17.485402986931067, -21.58385162653927, -16.71702514563344, -1.9079014004014916, -23.02130171746654, -9.132267046435157, 10.241393223111222, -7.129350029208712]",0.02321995464852611,klavesnice
0.0021495903618510216,0.05322265625,2450.525301980241,1744.7250696218186,3610.400390625,0.00841092384006649,1636.5234375,"[-587.8003145817963, 183.39703446195827, -151.7524057321023, -12.51167214025005, -19.832136432325008, -37.74071658145234, -28.56183342236754, -22.9455289108661, -10.124914233741896, -18.64032902984805, -9.464918642529238, -5.318408828709066, -9.344664243185045]",0.02321995464852611,klavesnice
0.002779959459867129,0.0576171875,2378.7990376645675,1538.8646676785654,3359.1796875,0.016545260791893134,2457.1847507331377,"[-613.9433030196528, 177.06346872201817, -150.91827110402096, -19.320660849599477, -25.90233563381736, -53.23599116734736, -43.67869367068719, -17.89935384715272, 6.686673839414063, -11.41995155699974, -12.021945476815333, -12.265921650262593, -3.0752126817067547]",0.023219954648526067,klavesnice
0.002692129138845625,0.06396484375,2462.283454116352,1824.5876805872276,3933.3984375,0.012621499621806982,904.39453125,"[-575.6018952694079, 179.4763281799923, -141.33524086982956, -11.343240751969864, -14.121007242222879, -44.39105781431058, -25.004483018915533, -8.564092181262819, -7.446986511556286, -3.727156896605807, 7.77324352804672, -13.15949405138244, -18.929497256386238]",0.02321995464852611,klavesnice
0.0018014105174580589,0.03271484375,2341.1238479373,2619.1809871986634,3499.1455078125,0.0068124448172670726,860.2080624187256,"[-583.8123337817569, 161.95880981332772, -91.20345776798752, -38.18964589765113, -13.091045022876676, -23.24248085583441, -20.56297529352809, -9.675711002664023, -10.677607687674952, -17.5735032665241, -4.772271919518641, -0.36905324617945723, -8.728963008074896]",0.01741496598639458,klavesnice
0.002086088246359737,0.0419921875,2090.270978052113,1829.666929284588,2878.271484375,0.012017158910399589,1205.859375,"[-625.5394202421141, 180.24323783012844, -123.96696213079206, -47.97748775248271, -23.40063596168818, -19.551187026588256, -19.801510259460063, -14.88818225329734, 9.764139144906066, -0.8655780367771637, -14.44051357904889, -1.724875038734795, 7.095140054812535]",0.02321995464852611,klavesnice
0.0022482966703152867,0.0546875,2407.5881388822304,1691.0617319997039,4134.375,0.010625101573654313,861.328125,"[-615.4321303732942, 195.54385298391026, -147.8319883429455, 9.813257723490244, -37.336447228838004, -57.12550512974622, -31.62174123856396, -12.985536557628963, -4.48913483760619, -9.121480521008097, 8.281454983333287, -13.680616644041445, -22.15343786789703]",0.023219954648526078,klavesnice
0.003283027744011314,0.05224609375,1961.4091996536883,1698.5166417910395,3265.869140625,0.016057220542444885,895.78125,"[-595.2990311007419, 180.90089301487765, -139.44959663972566, -45.373027887385156, -45.070273568542724, -47.76933112749315, -29.730038016435884, -20.631584229034832, 0.5494435302278884, -11.39717986862136, 2.349537471351732, 2.92446389534422, -15.018209584743609]",0.029024943310657598,klavesnice
0.0018564786758225081,0.04736328125,2480.8374859144187,1719.447709133215,3768.310546875,0.010550509081956006,746.484375,"[-600.2443814119557, 178.6825610254587, -150.70189105393254, -10.809305014111157, -24.315932829314608, -53.01547180838985, -37.60543777448649, -12.500852981916397, -6.609034659901881, -13.798540741359165, -7.099345998608828, -12.294918579584872, -2.6245160626304216]",0.01741496598639458,klavesnice
0.002347137263153656,0.05810546875,2464.2437170845096,2199.491714587923,3832.91015625,0.009591872719388874,775.1953125,"[-580.2217758586548, 164.1399716824165, -126.1981430017568, -26.22366448497193, -23.58109237425212, -49.00615448339545, -30.838197933146592, -4.576816307849461, 1.398098140347367, -8.067456286533288, -1.2463733876392562, -8.80841278184601, -6.615736787735989]",0.023219954648526078,klavesnice
0.0019216014755810233,0.0537109375,2198.1476478176683,1691.146406435723,3588.8671875,0.009190087085758735,861.328125,"[-639.7781150619136, 190.25716236490962, -136.17594821948873, -4.614006091410761, -38.54890743664979, -43.359002975103614, -26.05945371091524, -3.282045381177158, 11.06743934639097, -4.193752944556015, -1.0880716454053814, -9.531902289818758, -6.899872337953692]",0.023219954648525998,klavesnice
0.0023995363632634387,0.0732421875,2683.188313344556,1681.8441936287782,3545.80078125,0.010199158117653578,2670.1171875,"[-616.6589912320619, 143.42585710674288, -158.52155969959446, -20.73579018026098, -7.971246607875468, -26.90217661015164, -34.65755409910625, -26.734046070674964, 1.786527392499804, -14.089866925485824, -18.704390961983872, -6.595577550144053, -5.450782660429482]",0.02321995464852611,klavesnice
0.002085786422994821,0.0400390625,2645.8241049382927,2487.0986069602277,3746.77734375,0.007609029911617896,1162.79296875,"[-593.0198300889953, 140.33585069060163, -129.62685674331559, -38.05186816629645, -25.164839626744264, -32.086557138012886, -17.34692806330332, 3.570899224855406, 11.847691022942053, -10.486257919433795, -17.250502503668727, -10.315919306060998, -3.4721734209871564]",0.02321995464852611,klavesnice
0.0025722455291683722,0.06298828125,2647.8390700539203,1552.016048521119,3739.599609375,0.013680452431666469,1464.2578125,"[-601.0066149847794, 173.16031617787107, -166.18368871498288, -9.80933540469292, -15.276976832546202, -36.44265163228663, -12.671199165020658, 0.7166354708452669, 2.2379982517114216, -18.71565597732001, -5.952152127527964, 6.069372232358577, -4.030541597179194]",0.023219954648526053,klavesnice
0.002572375742780312,0.05078125,2406.487187169271,1781.1939275004306,3373.53515625,0.01143812432961117,3273.046875,"[-592.4796643722749, 182.44566258669957, -130.7620207439212, -20.726386498588766, -11.233446719920694, -33.72539262336674, -41.38829568821361, -18.12321430830409, -4.007846573498697, -19.3631801686934, -0.16165181228783743, 11.793119695462883, -0.7497386856684282]",0.02321995464852611,klavesnice
0.002323560684281269,0.07503255208333333,2429.657019513273,1905.6102321023802,4091.30859375,0.00913388534246804,804.4299674267102,"[-590.0663272663877, 177.11953236665713, -147.3813816363928, 0.3811859420804667, -47.47364986366509, -46.42876035347451, -23.982758761153434, -21.279412770059142, -3.4766200307679007, -12.918962480342643, -18.331001933630567, -17.563303724160637, -13.820828893178122]",0.03482993197278905,klavesnice
0.002320459678826053,0.060221354166666664,2538.429677774977,1825.3386714068272,4062.59765625,0.009061356068825376,826.875,"[-567.4529792932976, 194.0007171825721, -143.05415474359003, 19.988287215535056, -23.20754093770078, -44.84717369814407, -24.94657576005949, -23.186478739247946, -15.761041551299394, -14.489560214361264, -14.756045539953243, -14.321702223591686, -7.887509003063599]",0.029024943310657636,klavesnice
0.0021369454642389788,0.05322265625,2202.46941988722,1785.4186301380762,3179.736328125,0.008919685165907925,1652.4590163934427,"[-611.61355241119, 174.7578582019839, -142.79199820604822, -40.295380168664025, -28.700071185015158, -32.5291777437626, -30.563450056315087, -19.65481980488968, -7.447495201725009, -13.976745984525847, -8.786922859261894, -16.026984740525577, -17.79054289529694]",0.029024943310657636,klavesnice
0.002090904891956721,0.07112630208333333,2545.2771809298815,1595.3860011810145,3897.509765625,0.009324790091883063,2308.359375,"[-606.1049469817611, 176.8133211510668, -165.63697976953384, -8.363625336477728, -12.950096936216616, -28.5601517150459, -16.019799120397536, -19.275948167071395, -14.171851849634757, -16.647769014186935, -8.582931833735971, -19.099518946509743, -18.449831558473317]",0.029024943310657636,klavesnice
0.0021278042598073567,0.056640625,2495.567994929113,1570.5849773407872,3962.109375,0.008334496018144441,2196.38671875,"[-601.192130684854, 207.1557532981824, -161.64143939987903, 21.535430643031248, -19.848462826514332, -34.78119955629733, -23.780773654250723, -18.61732850556615, -2.822688306511118, -10.261147198496994, -7.379607568794788, -16.211311991753206, -11.203781890827395]",0.02321995464852611,klavesnice
0.002021703489028624,0.0478515625,2378.8997962553935,1701.8676906920812,3818.5546875,0.00717351115777573,818.26171875,"[-607.5208637984368, 200.61449627334244, -145.3717431040399, 17.486836703748676, -23.618594693271977, -36.723473441360134, -27.628839394719773, -23.679702445069, -15.065510978266587, -12.976038799209269, 0.5001126623731803, 0.11499929673279692, -2.814930237745257]",0.02321995464852611,klavesnice
0.0026479194890442924,0.0576171875,2529.149359535278,1690.08838982847,3883.154296875,0.016138236987911437,2540.91796875,"[-590.5509908861596, 180.91752098773864, -147.38808835921722, -0.7828100663394597, -19.723532925231066, -52.16108578094511, -45.5961000305108, -20.474780922839173, 4.412649712432802, -14.666124174110452, -6.275408943593821, -9.875396626858032, -8.824069398132437]",0.02321995464852611,klavesnice
0.0019311774554263306,0.05810546875,2645.7355799249513,1609.6513312120944,3847.265625,0.011091794176228971,861.328125,"[-615.7897763547761, 179.14565789105723, -150.39636006225703, 0.3215604055353242, -9.854724332040169, -41.33093806663338, -38.837599367890384, -6.76708867683546, 7.390379891702632, -17.686122225831014, 1.2233622524544077, -4.634749912144587, -13.521500902352406]",0.02321995464852611,klavesnice
0.0017100682902681586,0.01953125,2675.269667201179,2836.3218103140516,3822.1435546875,0.005194022060125851,947.4609375,"[-586.6419877290164, 147.0660693190874, -90.77164585771754, -26.812411574574803, -4.210022988769637, -33.06104750770936, -35.8689214312962, -13.771974674398951, -2.4235678361582464, -3.381171576237752, -1.562725312256751, -9.486947821935528, -14.271153045090779]",0.011609977324263054,klavesnice
0.0022039176705201664,0.05078125,2316.5427929632833,1667.9236839407736,3736.0107421875,0.01135558162835476,732.8445747800586,"[-613.4268382993866, 177.99502779641222, -154.50163487298744, -18.884519579072997, -34.55434904740599, -58.888801005492404, -36.472109840215346, -17.683856475128955, -0.6648863474784497, -6.300823075921267, -1.310393519277775, -9.075464043338835, -9.158846927221218]",0.023219954648525998,klavesnice
0.0025153601183328387,0.07259114583333333,2396.677646678975,1587.8596878280966,3631.93359375,0.015588229780219284,861.328125,"[-612.5858970531008, 180.518527345661, -150.76115210719684, -10.92738221681437, -14.41848996833083, -45.92634709135712, -37.93685710133882, -18.066880869118116, 2.8252109122449, 3.646118483580881, -0.11842972320378757, -18.725943242249283, -17.98085509227775]",0.029024943310657525,klavesnice
0.0019175670416914875,0.0458984375,2926.705185386556,2189.4109010917377,4317.4072265625,0.007862079275303082,3560.15625,"[-578.040190663232, 148.58862782404015, -130.50184297802116, 1.7141535598127766, -12.402313860560636, -46.120130941298996, -20.380084045712337, -14.342088374330737, -7.298171359492366, -8.381633159301447, -12.608082479175017, -5.2313869363345855, -8.158841237123617]",0.017414965986394526,klavesnice
0.0018450665033726802,0.04736328125,2349.765602754043,1902.4051272148856,3474.0234375,0.007010689941475778,775.1953125,"[-606.2544685745894, 178.23087414826003, -130.3010648724535, -12.572452163070912, -15.953243973279482, -37.88910500007444, -31.47078778763525, -27.862258980354582, -7.869713104918105, 0.43695891890225597, -1.2553191987196934, -11.829337768552469, -6.051008365351727]",0.02321995464852611,klavesnice
0.002223270918177643,0.08089192708333333,2661.242692906408,1658.2493342067628,3840.087890625,0.014314184528106393,860.655737704918,"[-627.9944090159953, 162.44083641694664, -157.8582366281914, -12.145119769307419, -25.057577701351107, -53.04931882792434, -44.95940197438529, -7.858709588155335, 4.484301676578315, -15.431179261971641, 5.858317618529114, -5.944973542651183, -17.53749317377283]",0.029024943310657636,klavesnice
0.003157054588510435,0.0703125,2413.625890538379,1711.039185641949,3947.75390625,0.018869665214132917,861.328125,"[-570.2207480666628, 182.2333122963158, -156.35368016476474, -7.19317805929941, -34.748519785918624, -54.763986355086445, -25.948165265728885, -19.920680067952663, -8.157556624888949, -10.519392999634857, 8.38722630392608, -0.8963439120692617, -20.87244604414553]",0.029024943310657608,klavesnice
0.001678869633295826,0.0634765625,2498.143603307567,1894.716407732637,3775.48828125,0.011068156753448527,861.328125,"[-623.8281960816582, 159.42727722364393, -149.41734984262385, -24.53601369392887, -32.20144097234968, -54.51623947910472, -33.280311357212206, -18.606223445688624, -10.376961621915283, -11.912367033696986, -1.5661007462195073, -7.231365713148193, -8.727404837594634]",0.023219954648525998,klavesnice
0.0019160374815572396,0.0224609375,2933.7080055125653,3177.5903625482615,3854.443359375,0.006701718444874851,1464.2578125,"[-570.3749867985033, 127.28744924298223, -95.28743530509232, -37.19152823936963, -6.586752169792809, -24.3868244964603, -22.673569276126194, 3.1461759299331273, 5.866715447129497, -6.719660534782024, -1.1129278410618244, 2.5437365732087502, -7.658347662709465]",0.011609977324263027,klavesnice
0.0018685071510320707,0.03662109375,2558.341569022482,1676.002520820356,4015.9423828125,0.008034518490270745,1091.015625,"[-623.590652320641, 187.6323908905013, -168.54456879437893, 5.064132383525748, -44.28527048438171, -39.087925846665826, -11.61170370234797, -7.368206578787883, -12.486050674271201, -26.23530908933134, -3.9793667642756443, -15.305166869549694, -13.757009033953041]",0.017414965986394554,klavesnice
0.001845347694562222,0.06298828125,2392.4294120241807,1690.1041919423985,3093.603515625,0.00962411608705004,2368.65234375,"[-661.8934246008561, 158.9312364882242, -140.7002961527256, -31.051488071892823, -21.37045350817418, -32.782351605317196, -40.53482200454528, -26.372624528439914, 14.28432776836587, 7.965096192005242, -7.452668809687503, -16.201759836239507, -3.5322584060431037]",0.023219954648526074,klavesnice
0.0017635027064610205,0.041015625,2539.834456587067,1629.3315371989506,3574.51171875,0.007401958111528787,2641.40625,"[-636.4358682565146, 161.6508561076593, -167.7618397485199, -22.329428394218674, -33.468671254825466, -46.25575393817593, -27.91213512419152, -9.287167778781273, 5.615647282405623, -7.133647884314637, -2.7763731844278383, 4.633952098060221, 5.451749836364262]",0.01741496598639458,klavesnice
0.001806919110694417,0.033203125,2227.724859945256,1996.5070750321684,3391.4794921875,0.006696163995307787,861.328125,"[-619.5880052295502, 170.02024957707715, -123.71113049165685, -27.707563776911467, -22.74126210617661, -34.530757802059824, -24.796485298272245, -15.318662858291727, 3.6292788936717693, 7.875105467355649, 6.379358645089079, -4.155746383745864, -10.357814240406244]",0.017414965986394568,klavesnice
0.0020533915518508843,0.02734375,2644.85023556866,1999.4667853769174,3660.64453125,0.008269056894532261,1894.921875,"[-616.0960986696493, 132.09454566960966, -154.82464238908443, -40.4076385974807, -15.56017109382206, -40.21236354004369, -26.012134504108033, -8.369922856766362, 1.7237585546384486, -7.636054883245965, -6.770531481200051, -1.745824085610674, -4.448999983728587]",0.011609977324263054,klavesnice
0.0016699720381067042,0.060384114583333336,2792.4915173032373,1929.2892227857662,4120.01953125,0.007885393280869669,3183.80487804878,"[-613.2437008338171, 160.26414616164877, -134.59245249636677, -1.2517849128931129, -10.4948177372573, -45.04570881534594, -28.09522884458026, -7.227132888093988, -8.73035711767258, -21.31271468448745, -10.584302027388318, -13.036152277950736, -11.557831851829425]",0.02321995464852611,klavesnice
0.0015355532848056422,0.01220703125,3199.752859400821,3721.225965863113,4285.107421875,0.0039372543986628235,2067.1875,"[-602.3865289362664, 103.43714700667599, -94.28584723807978, -53.98363634589627, -19.476023602525462, -20.439757002309133, -24.35899796245446, -10.35625017694542, 0.5777697580966238, 4.775891791733056, 5.24860523628524, 3.652756657958962, 4.546827818122565]",0.005804988662131527,klavesnice
0.0024657183926615404,0.04541015625,2337.5426363563506,1563.2399293544404,3610.400390625,0.01381083618404076,1119.7265625,"[-606.1577392355965, 184.79465767110455, -156.58645591071388, -22.839655184804915, -18.587321948727748, -33.564020968474175, -25.850383241912002, -11.713050573413314, 5.231239632058927, -3.3493185202145965, 2.0695839498951636, -17.848284691199538, -23.004861894748416]",0.02321995464852611,klavesnice
0.0021622669346389217,0.064453125,2435.9024126839645,1747.2041277247602,3337.646484375,0.01106500994837652,2411.71875,"[-638.8231373616535, 149.8557406945357, -149.5764232132543, -45.58409085940073, -14.934755858497368, -26.08699014854439, -28.526724381867293, -17.90831289568503, -1.221476658328753, -1.5360828974968763, 0.509323164718642, -3.768921771750319, -3.8763384746689766]",0.023219954648526078,klavesnice
0.001842554591970682,0.04150390625,2352.82044264029,2514.0773183901943,3337.646484375,0.010544592998939246,1033.59375,"[-599.2499402560071, 152.99425937451028, -106.81572072612516, -51.86997415889505, -22.661577265965036, -24.783088795781058, -14.794822995078398, -7.895550144492133, -4.554274834596126, 1.7511249901418855, 6.002858219476707, 2.6920362532811986, -3.6387487939269954]",0.02321995464852611,klavesnice
0.004067137323232609,0.04296875,1927.1362368710913,1641.2238279459082,2914.16015625,0.019698080580735,1119.7265625,"[-573.362847662434, 186.48370439859193, -132.57346586516462, -51.97958646455493, -31.986202278205763, -35.122420867285875, -12.57663992186516, 2.7901761523744013, 11.682749850043045, -0.07579296246185852, -1.646977410979974, -4.617755578999291, -7.107820001972603]",0.023219954648526078,klavesnice
0.0022500590622909697,0.06819661458333333,2211.9741074095386,1492.811876345748,3337.646484375,0.012912965268803733,861.328125,"[-644.6117802084549, 184.48932947690173, -150.35252279050337, -20.93385278547358, -40.23572681737162, -51.63542656209256, -38.57950220473413, -10.791724437407163, 12.843517497117455, -10.546885298440825, -2.988848122112673, -3.7398540095970154, -4.464977524820585]",0.029024943310657608,klavesnice
0.002295234070168001,0.060546875,2742.272670090708,1778.4972195291164,3596.044921875,0.015540568046007437,2540.91796875,"[-618.7454339442962, 147.5854428430542, -152.39572243865334, -17.640522432717507, -10.009121707108012, -41.61664704113435, -34.341246578911324, -10.00835111947422, 8.863007638465715, -6.1221184425055135, -14.134360422412106, -18.661624937865376, -9.989668918683]",0.02321995464852611,klavesnice
0.0020139505677828754,0.02392578125,2632.886975546535,2409.988443955688,3542.2119140625,0.005915905191555649,1464.2578125,"[-593.6009696002009, 148.47418223462302, -111.61809463487874, -28.352745645641676, 0.9764862322938255, -19.894769940514827, -10.935210676814954, 10.591938343184925, 10.051936185354812, -11.424108918029969, -9.899452654580587, 7.174983850608814, 2.1864881455987444]",0.011609977324263054,klavesnice
0.0019604851194773227,0.01123046875,2259.6127343346766,3334.539379121258,3111.5478515625,0.0066619490886961315,515.7894736842105,"[-580.2249051091072, 164.90873978971325, -46.40455091659818, -35.965461729462035, -14.292634548041129, -19.95941527588088, -32.6247680850139, -26.567677493320165, -16.28815608377716, -11.395155932055042, -12.579655871008704, -13.690113339396142, -11.605978743361913]",0.011609977324263054,bouchnuti
0.004037980306127361,0.06949869791666667,2946.3861293820114,1742.984171988588,4299.462890625,0.03805730278295145,4237.734375,"[-566.3206722011978, 155.44700113754678, -179.0323759508154, 0.007337646801103641, -46.98354025409254, -28.91832058876985, -9.815808554999256, 10.468112379809797, -1.5165138345752485, -25.528999093532658, 8.993068457332832, -9.205828328053906, -10.885606757863144]",0.02902494331065758,bouchnuti
0.00799560867346323,0.06487165178571429,2288.511735260778,1676.5083711248212,3885.205078125,0.049558140150495304,781.8209134615383,"[-475.3149001377936, 191.25907797534268, -142.1331023953788, 5.427468621933747, -34.51754607629782, -33.65540735048997, -16.932198526528133, -32.70399571892063, -0.6045711846708536, -11.873371632426197, -8.452790556890246, -6.631590521523752, -16.295171266467587]",0.07546485260770974,bouchnuti
0.0019677889785071844,0.03125,2268.0391152731977,1792.5121219090338,3994.4091796875,0.008763766838925595,631.640625,"[-608.1873898499334, 205.41393422977518, -134.4463920072579, 35.104744015552505, -30.143184960492498, -26.835297445530365, -24.2878360728519, -44.94504949665655, -16.311828466807693, -17.076132185520656, 7.7472325979271535, -2.9782482863985438, -10.885931345535301]",0.01741496598639458,bouchnuti
0.001355975581663672,0.02001953125,2811.2489895566246,3314.0069601456944,4511.2060546875,0.005129789578285408,1636.5234375,"[-576.7703302906466, 151.68126865239051, -63.470575973371716, -2.724639138600168, -1.092948358538191, -15.795216753046986, -4.575803369342086, -14.204078791702365, -20.893691497864943, -6.00892622680151, 5.969495036111118, -0.13697463191713713, -13.733952037528564]",0.011609977324263054,bouchnuti
0.0018365267060103051,0.0439453125,2111.654086998658,1851.2957434079606,3689.35546875,0.007307944738140488,344.53125,"[-606.0094235638752, 211.99229460110473, -116.06271536278314, 27.350421161162114, -8.298135658584561, -10.403141649175716, -3.937169433471908, -32.628938732539474, -14.481409900591139, -10.70982250830526, -4.775767272418528, 0.9382943401443787, -12.819677361347646]",0.02321995464852611,bouchnuti
0.0022686814293632522,0.039876302083333336,2454.031676911663,2042.6996418474203,4328.173828125,0.01109153403477838,378.984375,"[-558.8690236870851, 200.48871892136867, -125.1315703117391, 34.57654030170864, -15.672628199315268, -24.87938977262343, -11.588114634699187, -33.32684756436606, -3.874873790910335, -5.947598721950364, -18.889509587806543, -9.938818948717397, -9.60268448569889]",0.029024943310657636,bouchnuti
0.002191606374423883,0.040852864583333336,2110.8918603569778,1901.6361438998786,3761.1328125,0.007108798902537775,413.4375,"[-569.2573072299999, 211.14360810268124, -112.77691995448117, 25.353515087436595, -14.794807951248046, -19.36967247781995, -12.281078958543612, -22.044897432814704, -13.913892904001921, -13.913158583005215, 1.1324032929054535, -5.7004868807670945, -12.707937528527133]",0.029024943310657636,bouchnuti
0.011048912810366513,0.0576171875,3198.1546115888304,1816.3269471715123,5526.85546875,0.08081725464998336,2497.8515625,"[-455.3780879951682, 158.46837579497628, -183.76343717212475, 29.914786678361732, -42.72959047994664, -33.26495381179571, -17.643420210215577, -53.7106990660723, -14.776461028674218, -8.666557358131671, -23.13355309295174, -24.663684323823855, -10.513347468273615]",0.023219954648526074,bouchnuti
0.0019789716010995143,0.062337239583333336,2782.1162111769754,2061.5421593720116,4629.638671875,0.012641811975045748,413.4375,"[-562.0012675361594, 186.67912935259483, -127.31631727131783, 47.111639725053145, -14.170051814336661, -25.000496655334107, -7.552966674527453, -22.146475483951992, -18.8745837654378, -24.900715102736513, -9.125198668605401, -6.516995900410834, -10.907652705196044]",0.029024943310657525,bouchnuti
0.0018397000800082076,0.0560302734375,2268.5456596176086,1883.6436994085675,3725.244140625,0.006503242839508383,714.070351758794,"[-578.1064214581891, 206.85454846339223, -131.24802886158704, 23.08859249289359, -28.28468982898988, -16.700315552835043, -16.374840514525875, -22.856301397671817, -0.32945804912570403, -23.673003522954065, -12.405406804084912, -7.987390946297729, -18.798865612703263]",0.04063492063492058,bouchnuti
0.0021633321050847187,0.053515625,2085.4974922551073,1678.6150220740099,3492.685546875,0.008269059410412878,925.927734375,"[-588.6579629442858, 214.86724222877243, -129.4871451884926, 16.59985162090893, -27.309394797147046, -22.2478026593267, -22.804053569044555, -19.98494169502737, 2.586102817491581, -19.181781167293327, -9.079654473986043, -18.67249903136493, -28.23026041808123]",0.04643990929705222,bouchnuti
0.008595169489778147,0.04443359375,1499.6733218272082,1496.7981610383758,2576.806640625,0.03905642162330695,626.4204545454545,"[-513.2925158944141, 222.95080213595233, -69.2504471185748, -16.10623078519498, -25.352005300095332, -49.736834747901355, -21.843168895216, -20.64469123411006, -12.643710319541293, -14.165648894640768, -14.605334835833949, -10.772529798926564, -20.887299006600188]",0.0638548752834468,bouchnuti
0.005188182365137178,0.058186848958333336,2221.98598423862,1700.5494706619622,3567.333984375,0.03197267896676175,637.3828125,"[-520.8511035840319, 197.8503831943748, -133.64933619727768, 5.488578475296282, -25.31729615029244, -28.821949097147343, -23.07910189331952, -24.90240409268014, 2.3998860516795126, -22.262211306190178, -8.189193186024145, -6.399839878072022, -12.069493460205756]",0.05804988662131516,bouchnuti
0.0025755436803002836,0.05419921875,1879.9143017047063,1994.9146747888462,3169.6875,0.009392244144877895,344.53125,"[-588.8101274450759, 209.91423129569753, -89.22400385408166, 1.7290891344420198, -1.6380499073533987, -18.568207453143167, -23.49771964720291, -22.145247897378873, -4.219903442475515, -23.695975076708894, -27.684649438792555, -22.06278300651103, -25.60866755226859]",0.04643990929705222,bouchnuti
0.002409737497302511,0.05810546875,2358.5633537367303,2021.3673865436158,4042.85888671875,0.011706286558814259,401.953125,"[-561.5717046143761, 196.16554426486005, -123.53394831934537, 31.626396953261644, -29.518615716284277, -9.929491366095935, -23.12701849657931, -27.40347448778416, -4.638973626668758, -21.42564494018657, -6.460202851364221, -11.03602987785683, -7.566680952120763]",0.03482993197278916,bouchnuti
0.002038132710163362,0.0439453125,2200.644699077676,2459.642180962887,3430.95703125,0.008974919081139246,645.99609375,"[-575.2774831094829, 184.27849811422402, -83.76056297570705, 2.468030932971525, -11.660248629434173, -14.866040232243, -19.3888527662381, -27.85935936366231, -13.723401940413515, -17.32071429647645, -3.0600717854376978, -1.008343615591777, -9.767716374121912]",0.023219954648525998,bouchnuti
0.0020233984259317122,0.052571614583333336,2006.3591253192214,1705.092813342214,3402.24609375,0.007104449093560847,413.4375,"[-600.9717817416996, 217.48819286432663, -124.1105285182797, 20.89501824310433, -35.269639100557754, -14.532557994047616, -27.92986888656, -28.260129717522172, -10.095436080439383, -20.61127545795411, -0.784802922879944, -15.962434912103484, -16.176941228037816]",0.029024943310657636,bouchnuti
0.0022728270236866766,0.048990885416666664,1941.9865042517456,1760.951527959376,3172.55859375,0.010059331995692321,378.984375,"[-582.3828029650025, 213.71944570061373, -112.40599301868691, 10.076978846455413, -21.67475702644828, -10.764247614009259, -16.390332486472314, -32.91410421391193, -10.634898167720557, -14.950533074965243, -7.401285046100964, -9.536092770519959, -20.21850108586592]",0.029024943310657525,bouchnuti
0.001882370610482372,0.04248046875,1977.0371056473161,1650.3935897938336,3165.380859375,0.007941152166846628,378.984375,"[-600.8839603673538, 215.11722216203466, -122.81311630172577, 13.463249946427403, -14.687343319159309, -7.4861993059669345, -20.368945485170244, -35.21373531397803, -16.72437124507252, -23.581260515577544, -11.050677926170676, -14.148450172905735, -8.326343197662844]",0.029024943310657636,bouchnuti
0.0021616530072092474,0.02734375,1909.5162198711284,1637.5543743209116,3337.646484375,0.008207758844734148,387.59765625,"[-594.5187509982512, 230.66261714929337, -118.8698439957778, 24.859223378607044, -10.98346673039075, -5.8673807428053175, -13.361865457344699, -25.697281069976913, -11.752305307093058, -20.16572603322103, -7.112318268542144, -12.85206127163942, -8.609481866127]",0.023219954648525998,bouchnuti
0.0019946355141135224,0.03173828125,2140.2278439157117,1908.810878968644,3552.978515625,0.006417813588102388,387.59765625,"[-585.3101269278384, 202.45388765317884, -114.62647020676418, 19.348486792078692, -10.596539858703204, -5.906884995664039, -10.958739540586002, -27.83906045115018, -14.287311942953247, -22.005781670148764, -8.906863879822316, -5.5454814433269055, -17.083187378616643]",0.02321995464852611,bouchnuti
0.002552807840347043,0.060546875,2288.913465295186,1855.0679899860663,3849.06005859375,0.014768848180076906,393.75,"[-565.37132617698, 202.30605793418061, -126.30816948832648, 20.654947400250503, -9.01797827273834, -21.023085658941657, -17.077649943314665, -28.058144411834547, -14.108143421683028, -18.703467585875735, -7.19792432887148, -8.082646591288086, -11.286184726092376]",0.040634920634920635,bouchnuti
0.0028410640101628865,0.06103515625,2161.680129092247,1851.7952517314693,3544.365234375,0.011360906137394737,650.78125,"[-546.1745230327025, 206.88568544262944, -125.57555145203374, 9.823660216132293, -23.52761477578837, -20.735603960954634, -13.280473722676295, -22.13695491845976, -6.1443614743039605, -20.179247138879774, -9.636276839794347, -10.382903251254177, -14.775805400861378]",0.052244897959183634,bouchnuti
0.00585091630765179,0.07205636160714286,2445.2961560233557,1942.3275471580316,3845.21484375,0.04898274531242199,1952.34375,"[-502.855430299849, 189.92143353419038, -134.48059634488084, 9.148043347325284, -19.14722399732859, -14.665062852962892, -11.659574531755709, -18.332491588794536, -1.1878337842599167, -17.19100971572835, -3.0825671469452707, -9.804247924890143, -19.594933467937604]",0.06965986394557822,bouchnuti
0.0023038707817769795,0.02685546875,1648.9603621372935,1808.6563046108424,2863.916015625,0.008183341618953245,430.6640625,"[-595.8956869052951, 229.17996598603918, -79.35277777819708, -1.8781291962248607, -1.3508159794555124, -15.113706349162959, -20.21364151299453, -6.868160546310581, 3.329547527457777, -13.18805039342823, -21.271442486511166, -18.10674709179371, -21.560015104185506]",0.023219954648525998,bouchnuti
0.0016857674810807066,0.0401611328125,2437.2091387784394,2804.1508428050083,3999.79248046875,0.005206838944769659,401.953125,"[-555.1929188652462, 171.29974616462266, -77.28585608544606, -2.5885977047164364, -9.9967082526174, -19.013205503145905, -5.530125782625568, -7.4838618581867715, -4.991516302311541, -11.104732213251719, -10.67529267452094, -6.355756664896242, -11.04498345824227]",0.03482993197278916,bouchnuti
0.0057821584526839415,0.07275390625,2204.5995188485545,1749.9719255723305,3513.5009765625,0.04730137989879713,939.6306818181818,"[-504.50622453788145, 199.02297600829453, -141.56856640227122, -0.9103662387676881, -34.95553746045125, -27.947736213127868, -16.916323090709074, -24.274470524811495, 2.402875354388614, -16.64122331031161, -7.869729140901274, -6.139993355644536, -21.33057375747294]",0.06385487528344672,bouchnuti
0.001922547232260823,0.04736328125,2367.719963139281,2415.184742148994,3474.0234375,0.012578977901523744,2067.1875,"[-575.3529279302926, 178.93846334576696, -90.97310614597025, 2.1288753756089487, 4.815773745907959, -0.133915605407786, -12.68620943167283, -18.02358340476229, -8.373610757092175, -6.693680653504612, -4.756950224904684, -20.240745365837423, -15.743208884273734]",0.023219954648526067,bouchnuti
0.001779478195315736,0.0322265625,2324.6826533904646,2323.9736917556675,3520.6787109375,0.006834411041160873,689.0625,"[-574.2887841224887, 179.83845227776635, -91.11071880015905, 6.635807946756262, 5.212630423894516, -9.413681123135662, -19.848946794883524, -25.64170690335591, -14.412747630787777, -17.749680489282838, -0.7360707483248711, 1.570911675247871, -6.972865958070347]",0.01741496598639458,bouchnuti
0.0020435096135506528,0.0390625,2036.6173074833312,1818.5431628305835,3409.423828125,0.0060604589753633815,689.0625,"[-580.5693141253875, 215.8577468522325, -111.13498481521157, 12.66843663767893, -16.662972956355095, -13.770511399715668, -9.78681266110444, -23.89731610028708, -4.948629095629848, -11.649639914626286, 4.407399117227104, 1.5688120771836769, -15.126107037105683]",0.023219954648525998,bouchnuti
0.0021428559714714106,0.06416015625,2290.1449653294926,1989.2203467409636,3548.671875,0.010194532784747265,645.6808199121522,"[-569.2188842580521, 196.71119574153485, -123.1139193328086, 7.205973482457677, -22.986404154401164, -8.84129254868137, -10.150386762076625, -21.174562364594387, -2.145465268543284, -16.91678451611043, -8.683147456589309, -7.426253188791103, -11.972024291437767]",0.04643990929705222,bouchnuti
0.0018016542195078413,0.064208984375,2241.3148842989,1945.8614750456466,3450.69580078125,0.009165176296703832,393.75,"[-581.4353103017849, 199.36283464154684, -121.18231537362483, 9.121072740729877, -20.225242900993614, -6.237458965404885, -14.467460571902265, -25.135445654150853, -6.673637206453056, -18.325039575988512, -7.550121672545766, -12.585733740961757, -12.322821979309776]",0.04063492063492058,bouchnuti
0.0024423158721878615,0.06552734375,2137.8593667837094,1721.4591446870727,3656.337890625,0.012284128421195006,650.78125,"[-570.4936192129328, 217.89907092457997, -128.77804316469786, 21.016500580740075, -24.627222064626405, -22.330962827566935, -10.791791880394921, -19.69255794579051, -5.917827183766355, -17.912404007022655, -3.3784098639324243, -7.298705737371705, -10.141484921268912]",0.052244897959183745,bouchnuti
0.0038111589327254137,0.0423583984375,2055.841199075412,1910.1276562165713,3509.912109375,0.016451209668483322,401.953125,"[-539.8526032242423, 212.1820530819902, -108.77013142828235, 30.21289422759603, -32.624557205903635, -10.303375435995472, -18.943418554922268, -19.167107749773812, 9.613038130850033, -22.54766995129862, -9.331899320773557, -19.77686825653756, -31.718610357052704]",0.03482993197278916,bouchnuti
0.004482426136710319,0.05361328125,2226.3134202567435,2095.751221083948,3708.017578125,0.028131983020409233,430.6640625,"[-527.1949721913352, 193.96559497491225, -103.18508684557132, 20.705667911891858, -20.896508401354556, -18.76875756245453, -18.827181973133698, -18.501381602291808, 2.0640031360492723, -19.59251244646962, -4.991429942875094, -13.446888120627108, -29.54345094674077]",0.04643990929705216,bouchnuti
0.0018247155384186902,0.05322265625,3110.4600022133945,2188.549881955081,4371.240234375,0.008076875131277955,2526.5625,"[-617.3456797071187, 119.66466789422319, -136.04533801611765, 7.016130876056595, 7.654518275051683, -17.4258592449206, -14.863211954951712, -22.703561890627327, -0.5420116140652321, 5.837153637903048, -4.40740525284211, 1.4636217553580966, 12.395076454111976]",0.017414965986394554,bouchnuti
0.007021771877203731,0.06416015625,2121.0098987971314,1873.784959446661,3785.537109375,0.03448700720356568,937.890625,"[-483.7330438870555, 212.107336796847, -116.64597827271488, 16.669045801484565, -19.074288203257257, -33.81022980773275, -14.133607466574281, -25.081889821868184, -12.721734710675847, -22.644290837907214, -4.612089455031977, -7.999387116736341, -25.566871272327496]",0.052244897959183634,bouchnuti
0.004613783557096943,0.04206194196428571,1604.0589438411787,1514.9692286558882,2998.49853515625,0.026035030233801,899.6093750000001,"[-601.4547900321371, 198.9125889567742, -90.49671996961044, -37.35891986114915, -29.98547603864494, -58.172538611479006, -42.27862552119186, -13.17696797511869, -0.2571876964733127, -29.648759671977807, -23.115401113297914, -13.036982595364524, -25.69861368056429]",0.31346938775510214,vykrik
0.0031570181396448726,0.04649832589285714,1671.3841241302378,1547.1679983846298,3137.080078125,0.025108038569549452,937.3276654411765,"[-611.4574550406797, 202.38867605879045, -85.40474950671484, -22.130964503430498, -27.25445352378397, -57.257130275298756, -38.7995796315965, -16.44712654631721, -4.036043128885722, -25.53869071250562, -16.528200825263568, -9.960702222868004, -21.056187784547458]",0.3947392290249433,vykrik
0.0023978529428807633,0.031325120192307696,1551.3998126580195,1725.3339444298426,3101.6094501201924,0.008590841670683254,655.2849264705882,"[-639.8186184511505, 196.53325072268248, -73.98395362377984, 0.856540281875697, -28.38785131486551, -54.582281931081674, -37.293804186227916, -19.939124627410667, -8.453266302843932, -31.64172321360867, -19.04494997496337, -9.093200479358513, -13.976002167259592]",0.29605442176870744,vykrik
0.0022078613288129744,0.031096540178571427,1560.1032900672926,1746.5057794346922,3341.337890625,0.0065987628369884935,539.2663043478261,"[-667.4814548236201, 190.83000784549674, -59.037195089790686, 20.64712792855698, -7.559920278767876, -47.90546546857276, -56.77974406030671, -27.290522721851534, -0.5021915121361518, -33.27276457995172, -22.68093557818273, -7.0748742771452156, -21.840177082937416]",0.4005442176870748,vykrik
0.0017766134714941376,0.032537286931818184,1847.8470215748532,2101.283941650631,3410.076349431818,0.005388716092065409,404.7451669595782,"[-657.4565087491422, 181.00097619033102, -72.75015646745118, 24.664647434412725, 20.27418100155131, -13.72366870628318, -52.18402028966105, -44.367860910461246, -18.239654637651, -31.1655944095541, -3.4783903677771906, -1.6773324530489235, -29.97351083575484]",0.11609977324263043,vykrik
0.002935409220007315,0.03818359375,1499.3251069357048,1630.3913842926431,2611.546875,0.00910564490024978,753.662109375,"[-644.4439929311123, 190.44042138167933, -80.56458773598281, -24.426617450132625, -40.51869313558618, -59.0883377856441, -50.611574736006595, -24.393452147539247, -0.3596641431552394, -20.8303637738977, -7.4609779526074185, -3.348665733077203, -16.431558092953566]",0.278639455782313,vykrik
0.002690973447521183,0.03229631696428571,1605.7868504233072,1819.2573898295298,2784.9609375,0.010056259763213633,684.755859375,"[-630.6472654986078, 194.1472129610204, -71.31468965313887, -22.249172072778258, -32.2191197618873, -50.206997809532496, -44.16700553312607, -25.29625970250125, -2.4667429199736595, -13.678172227568826, -6.293475198443772, -6.440120492635474, -14.37519720549321]",0.23219954648526075,vykrik
0.0037263821784385377,0.07267252604166667,2115.1187848757036,1342.8530823320073,3330.46875,0.01797740033634745,1064.9147727272727,"[-563.0098524499978, 215.99104705480104, -164.15548760052278, -11.123735557904055, -22.83090833023877, -33.15513952328692, -27.116777712525764, -33.30476377878389, -16.08067671753108, -29.648398125783952, -17.71979159003813, -22.680000929734717, -25.898512898122892]",0.06385487528344672,vykrik
0.0019157226735708722,0.029541015625,1705.7831352966439,2180.1010677230647,2890.83251953125,0.007225785200172924,689.0625,"[-647.7282271279304, 193.15115538961751, -64.61632805037873, -14.88658922606307, -38.48070442117036, -54.644070466535595, -46.13097165712756, -11.170802653389435, 5.093544941044088, -25.019236406839678, -14.887277450970654, -1.7678938253446215, -3.4402910903059523]",0.03482993197278911,vykrik
0.0053791969440476935,0.0841064453125,3112.013949210599,1416.44289855181,4139.75830078125,0.032980382717542056,2670.1171875,"[-588.9970769293043, 123.94688901613881, -199.6806538746401, 11.634051498069299, -0.4737258382806102, -29.55986801722761, -21.544531945339173, -22.106455961239526, -0.12621601614460098, -8.786361230368056, 1.2742236486871756, 3.8861441864485915, -1.5948889541722182]",0.03482993197278911,vykrik
0.0024508586377989007,0.03409090909090909,1528.2044375950636,1570.2112377549477,2803.231534090909,0.009359048022945094,628.76953125,"[-633.1789614954971, 212.9966343852019, -87.85489677778398, -19.68308317064036, -30.37186993244798, -52.29576702924635, -46.94007305919461, -15.229188716756736, 3.6233956205748528, -24.077783638091866, -12.93657175466261, -4.6133633088455275, -9.765733374049777]",0.11609977324263038,vykrik
0.002203389363204224,0.03086451480263158,1641.3142782220764,1754.9969474026082,2981.7819695723683,0.0068277274310887225,617.28515625,"[-645.2851741744737, 195.63542332888713, -90.67842766514154, -17.113735155654375, -36.28047351055911, -56.67322828947709, -49.535541921113314, -20.663092279892158, -0.48384005262169805, -19.476838316292437, -9.249361520126316, -13.729800779403696, -15.700199806430643]",0.2089795918367347,vykrik
0.0019797686862005576,0.030802408854166668,1594.8005050550598,1798.737964330744,2783.16650390625,0.007335799934805714,618.5901988636364,"[-647.2944160185799, 198.2403874969137, -84.02310111445114, -10.5309110721491, -39.20666404690916, -54.05641587758387, -43.335890283797426, -19.558497877454265, 1.8077135236784752, -13.23374051787117, -9.803631055523509, -16.14353328423846, -14.154639711302044]",0.12770975056689338,vykrik
0.001595195337414854,0.0277099609375,1774.7441939085597,2459.8269826717033,3394.171142578125,0.0037151177628623076,689.0624999999999,"[-687.5889383941869, 164.2452031559519, -48.55503374293692, 18.45300156254849, -23.7969623934224, -39.83850919880311, -47.00494327112947, -25.4329914606516, 7.863717261140305, -22.56450249434407, -21.211159227436895, -1.1516682188203309, -8.91043479210002]",0.0870748299319728,vykrik
0.0029172695659815404,0.029736328125,1748.6920497998296,2032.952490467083,3475.458984375,0.011647241802022151,708.203125,"[-622.6825717964091, 194.81951156287232, -68.9652988950492, -11.186964171458406, -31.371058517936895, -65.43866623772958, -52.949199088211834, -10.793723371386283, 6.439736187822537, -20.177685697897395, -7.5148482036233855, -5.577002907948899, -14.456565739677384]",0.10448979591836738,vykrik
0.003006067201686253,0.030064174107142856,1673.4331080646978,1870.6853364170104,3123.8525390625,0.012796096107382237,682.4368990384614,"[-620.3638918885756, 196.58805162674838, -77.4019912228646, -17.058452899211474, -22.131143981356836, -58.00849013822691, -46.287739765798044, -17.19554221923683, -5.687783678330858, -19.18884453588553, -6.568948258116427, -11.204688870695813, -21.543931351434587]",0.1509297052154196,vykrik
0.0032238124278256204,0.030556126644736843,1487.3282226908286,1538.977274587167,2947.7821751644738,0.011286732791417784,689.0625,"[-636.9197866286484, 199.28269314439535, -71.04699919505572, -1.3126227802123092, -16.013516332753174, -64.07529304643477, -60.57402393031657, -19.841713633251157, 8.225831097811687, -20.47824251398348, -14.3675256087553, -8.565512471221691, -23.267583550571178]",0.20897959183673476,vykrik
0.002243013527006056,0.033365885416666664,1549.3960338046745,1477.269890001152,3219.2138671875,0.008043672184914797,689.0624999999999,"[-646.2827069503275, 203.9710539781894, -83.68014588116226, -8.106594272170572, -24.257288117464174, -58.57662052026608, -47.061685170793, -13.91356172428685, 2.9599304976078753, -22.417921236975435, -6.62206561089364, -6.238832574624226, -19.189461422556132]",0.13351473922902496,vykrik
0.0015233150052342925,0.01904296875,2474.136858960286,3638.9983894929137,4048.2421875,0.004488433547963858,732.8445747800586,"[-608.4759731155009, 153.47203862947012, -27.6130630471319, -10.276487368840911, -22.574290995495108, -48.201133626451394, -33.58135321922391, 0.39707299206879587, -3.027830022249767, -14.979163747494091, -4.165650067564275, 1.0899765785533737, -2.614850507023496]",0.023219954648526053,vykrik
0.001543432022812107,0.005859375,1803.094670032524,3436.368486988677,2734.716796875,0.004318594278503246,689.0625,"[-667.4502446444939, 179.54024157702463, 21.865427095284232, 12.098320775716148, -14.896684039924107, -34.343209079076814, -33.75481934018249, -10.464568830683424, 3.7730944168903306, -4.474316010011137, -6.098202076543131, 2.5406870706730458, -4.643507315181131]",0.005804988662131527,vykrik
0.001807124545730486,0.02197265625,2083.1035145194887,2975.7691052574146,3912.890625,0.0038786898124997106,617.28515625,"[-658.8850446195964, 156.53190163193898, -43.195136516810656, -4.713565716235578, -26.626074221847738, -48.0552738469274, -45.51060868139352, -19.599518633789533, -4.267580645682595, -22.918305552280064, -16.455842816669843, -8.336255242587683, -9.552268705703453]",0.06965986394557822,vykrik
0.0017742336936876866,0.027804904513888888,1488.5570701356905,1714.7363202672827,2957.2265625,0.004869222974547364,628.2628676470588,"[-689.8337643307746, 180.6139901442896, -69.23307062070053, 2.372978176483532, -31.174684626527778, -51.26010844223769, -48.19080585061832, -24.19597292586811, 2.724338657227951, -21.781722482303465, -12.296386890350776, -5.070050612000582, -10.432033953551908]",0.19736961451247165,vykrik
0.0019342998192449319,0.024332682291666668,1784.3406442167827,2287.000321184959,3380.712890625,0.004929829056999227,626.4204545454545,"[-668.085748313791, 173.28304678205015, -62.911849076840475, 3.140311271792033, -13.012098902818257, -46.43933317248966, -50.27758320753716, -18.89489750573216, 1.14500694287589, -20.309068362122495, -8.11853378352525, 1.8696344289661602, -8.299725139440989]",0.06385487528344669,vykrik
0.002131632273688392,0.03353987068965517,1520.9836897840196,1593.9750843174772,3071.8228044181033,0.00680947748970686,673.681640625,"[-667.5239065807641, 185.7587126559485, -82.43661033036565, -8.95012292506209, -34.155269294567304, -63.114656074896715, -51.918181485599206, -17.788263252778584, 3.332757556090147, -22.656331856221108, -11.697996782247996, -7.920052118480708, -16.392233974358973]",0.3250793650793651,vykrik
0.0017141495174314064,0.02626953125,1626.2135105000782,2001.9013542993248,2945.7421875,0.004256957702344007,612.5,"[-665.384911753459, 192.4551288327344, -72.71415494947273, -1.7305329162363676, -38.14427536245778, -55.16929911482426, -45.54890744799114, -12.707597283055273, 4.057598792028893, -15.461857452544868, -6.100212697995229, -7.022992318001134, -6.755531738030157]",0.052244897959183634,vykrik
0.0020649829284252043,0.036001352163461536,1642.1797789155555,1697.336589815122,3111.5478515625,0.008095417017784984,709.329044117647,"[-655.0239067996426, 191.56618540679432, -87.21196042098576, -4.081799695093374, -31.69774419302403, -58.3941192716685, -48.91199410106351, -19.687550524945785, 1.3334425965303467, -19.200572829587735, -7.191630282192552, -7.306537305241665, -14.569315293435599]",0.29605442176870744,vykrik
0.0007809966714170847,0.00537109375,3029.878625995694,4353.465646335612,5383.30078125,0.0020510985107201406,861.328125,"[-674.0079620317135, 138.18358373551746, -14.69167673544995, -0.49164368108117684, -15.843287637019344, -31.177328100067783, -25.5914560728433, -9.305707156934286, -2.426107930334866, 2.0298791098066475, 7.384499981219161, 2.992584716746106, 0.8588351413525674]",0.00580498866213152,vykrik
0.002266007293025197,0.033372145432692304,1596.3317586842397,1757.5779209229945,2854.8058143028848,0.008759700680456412,834.2421689515202,"[-650.0133773765497, 191.21068286090713, -77.61128083729415, -14.988247778626262, -41.55050156638999, -58.06974843732341, -39.61686525456805, -13.930122965007019, 0.36698097484910885, -17.535249326662967, -7.287272226388694, -12.83935015064658, -16.58675254088583]",0.29605442176870755,vykrik
0.0015755263580487036,0.0218505859375,2026.5626997768413,2970.873089765961,3547.59521484375,0.003182926963578983,689.0625,"[-669.6950787658105, 164.66658526188039, -34.37287858292226, 12.675730847073003, -13.41675593331553, -30.762191683811167, -39.157735280272504, -14.098123085105868, 13.284215781805244, -8.14528748587078, -8.48384045785053, 9.011060151447163, 8.290702215417197]",0.040634920634920635,vykrik
0.0019149470279272247,0.03252704326923077,1563.6528047930394,1813.3942030418486,3013.8202373798076,0.00589608340050605,709.329044117647,"[-691.599539274692, 169.69183429715915, -66.94477029205035, 6.976234572952906, -25.922992652505112, -56.770893721546116, -61.57721263710952, -30.370638792024245, 7.082801007019861, -21.90861005627808, -25.72491476728264, -17.90921473091046, -15.0292841566401]",0.29605442176870744,vykrik
0.0034843494552708296,0.03509114583333333,1546.7819650732758,1450.2745656193104,2873.96484375,0.012934150099355063,700.9428879310344,"[-618.984456987188, 204.68453608127382, -98.7714646379283, -32.391364480711346, -34.12755353033969, -67.13120931957378, -54.75529836809736, -14.989346186364108, 2.683826460807341, -30.422660900838267, -18.283342428051558, -5.079860454171242, -11.970376196745693]",0.16834467120181407,vykrik
0.004555316917681763,0.038609095982142856,1715.3163477675498,1679.1966265070998,3317.6513671875,0.017555383108123157,629.3375394321768,"[-606.1813711713794, 185.63625803100624, -87.42972553117572, -33.76005088285983, -25.97590373504091, -74.07845432100859, -52.88985561894515, -8.84928029098961, -3.4386761676041737, -27.364849282196044, -13.7654041218114, -3.8965608528628226, -16.65822135668761]",0.1509297052154196,vykrik
0.005099687006033043,0.0379638671875,1528.3420074854807,1279.553117040885,3040.2191162109375,0.01852444475253633,627.9359879032257,"[-597.6916357616935, 205.41428946796952, -98.46055535398706, -44.35057775747238, -26.066095897070696, -71.12388445948122, -52.89693159723768, -9.13986976447752, -3.564350419067315, -31.89464831480723, -14.348302333264009, -0.5984586803290464, -16.416324374602024]",0.17995464852607712,vykrik
0.0035923293982806034,0.04401506696428571,1624.885920180041,1535.8413167777487,2917.7490234375,0.013343199500074933,599.7395833333334,"[-615.8109160790435, 206.56615649837028, -103.38141016313219, -37.87526533931875, -41.349321904180535, -61.05853549473812, -47.92337686638661, -17.702700079252043, 0.303710134704713, -24.546955792363043, -11.480096244195911, -6.5863288453023285, -17.769871516956794]",0.156734693877551,vykrik
0.00311127583723272,0.03942057291666667,1709.3599091693998,1472.6506691476184,3148.154296875,0.011792697220825234,665.301724137931,"[-617.8611436010349, 202.85996537751552, -98.89992826743163, -15.061981977527632, 7.436015478761743, -23.391913109640104, -49.707739610384195, -43.04624592541895, -23.86722337898907, -45.065295952653386, -7.218315165555828, 19.99889475404781, -12.169872573453011]",0.16834467120181407,vykrik
0.0028923016752643847,0.03861276726973684,1486.75415951082,1449.9466901338571,2732.4501439144738,0.01339065516162738,838.359375,"[-645.8379359356371, 193.46777816777615, -93.56072341131123, -26.350469278224974, -39.161443820586726, -59.3882418823271, -47.24127119961708, -19.57722928723552, -0.880549524652199, -28.923641481337732, -13.38359542344603, -5.359382515619276, -19.877067593124806]",0.435374149659864,vykrik
0.001935166635639665,0.026123046875,1961.521438420293,2487.766438884279,3646.2890625,0.006054045635947682,637.3828125,"[-626.4221857266158, 191.50578820128047, -65.23712178348511, -16.676590496964867, -35.06114881239574, -38.41550586962015, -37.287805658117755, -22.975179967431355, -5.528126526277977, -14.674149326729356, 0.6960205006196801, 0.2157911551982862, -13.983592964833718]",0.05804988662131516,vykrik
0.003307975353497686,0.03528474506578947,1436.2763969970695,1617.894254011823,2597.0176295230262,0.009789708369049346,698.25,"[-672.9573654269611, 154.646837382916, -78.84866953684025, -19.220001443871748, -31.886065494833396, -49.764450818107456, -45.84424415367672, -22.15076139954712, 7.559787945640458, -26.33056744796293, -25.803853775536492, -10.149427320624387, -16.57198699483476]",0.435374149659864,vykrik
0.0019385988767390222,0.026171875,1548.3401315048711,2113.0931736030916,2312.666015625,0.004371165709957241,679.4921875,"[-707.4923492872346, 156.6766262725248, -55.189639918480125, -9.679379303496312, -45.63110169778355, -36.295172725799404, -24.109681211850173, -18.26249978508885, -5.632689349411576, -28.390676660918302, -25.234909907568042, -15.117419347474026, -8.257700584581464]",0.10448979591836734,vykrik
0.0016638500974018062,0.022530691964285716,1959.284272695908,3023.1572223654343,3540.673828125,0.0035883283150714867,631.640625,"[-692.1637346743184, 145.42416160061106, -38.06148218051412, 0.6884106793983593, -24.964237151248945, -33.905585447646686, -36.64943830159166, -28.761017163103507, -10.368902357107142, -13.560622700223556, -8.9090454160666, -8.526285860374356, -9.721865254137816]",0.06965986394557822,vykrik
0.001799355315184405,0.04931640625,2704.4020894767273,2159.0542727501957,4220.5078125,0.009263733585644867,1162.79296875,-577.8646610616294,163.1364093081696,-128.95196550422597,8.823971213360155,-27.389107682975123,-15.802837037828803,-22.768666475023092,-10.399032892547682,0.02321995464852611,1
0.0034327229288271663,0.065673828125,2559.135309577596,1778.7587912282495,3757.5439453125,0.02189332439528962,3215.625,-565.5929887468604,175.97784626516045,-156.60042558169266,-13.591684302130638,-32.37628989648382,-18.07830218443577,-6.040055099246367,-7.328964342185538,0.03482993197278916,1
0.0022848412227668025,0.05517578125,2938.746951144162,2163.855030345516,4105.6640625,0.011835196887982213,2971.58203125,-583.0766114896552,146.0092022005749,-130.08163783759542,-3.7551797900814514,-40.24311052032676,-29.44683510371682,-2.736255232298326,-9.398328430044899,0.02321995464852611,1
0.0018231020282336212,0.059895833333333336,2271.300973968131,1633.19625937477,3509.912109375,0.007625512045859162,585.703125,-615.3454754368321,204.9240047861499,-145.79025303806978,8.926942417650949,-28.711192246755143,-33.94467511503686,-19.791389980783986,-2.3602219777105735,0.029024943310657525,1
0.0037029472690398003,0.0556640625,2588.490135595746,1571.2540854047518,3926.220703125,0.01689144914330048,723.515625,-575.4230827985851,185.87623910055382,-175.93259180860522,-0.6072107572073021,-45.08174514697803,-32.30332323791302,-12.54766737286198,-4.156851399021504,0.029024943310657636,1
0.0013424886834434483,0.00439453125,2530.20434760051,4186.290232918228,4371.240234375,0.002346574466852385,344.53125,-645.094691638395,147.71955426464703,-2.7281294158945006,11.356640158498534,-2.8750353621550118,-11.771893794517219,-2.1834544972155188,-13.219595013840124,0.011609977324263054,1
0.0029263986114676285,0.06852213541666667,3009.649141783271,1402.1889415033777,4148.73046875,0.020432336265982787,2101.640625,-640.1671945850726,145.8625570048724,-186.16518891565616,1.4113365256227064,-38.95424857572342,-28.844236289265126,-5.970777447856714,-13.123309988080257,0.029024943310657636,1
0.0033076774635268993,0.0771484375,2841.282779269399,1391.7879795571264,3416.6015625,0.021926571145033918,2928.515625,-619.1080200203096,148.7860437591161,-160.9085534568387,6.4251173934819645,-19.630156433630887,-37.77279534377427,-23.063536652344947,2.424726150568654,0.029024943310657636,1
0.0021696355346292138,0.07828776041666667,2661.6535181692107,1660.642844072044,4105.6640625,0.009853974509125483,1136.953125,-605.1255060909212,170.37843984930828,-161.3305149410401,5.850982571652344,-16.463644512740153,-8.787867690782805,-9.575050831231882,-16.553576903349864,0.029024943310657636,1
0.0016175921248292554,0.0419921875,2669.4616720957497,2121.7140710092044,3847.265625,0.008021500737419406,2885.44921875,-604.2023110332943,158.5761101188216,-124.2594868271177,-8.319440250927759,-15.323372945632693,-6.479313029597734,-1.878584317877965,-5.971178041330085,0.023219954648526078,1
0.001467044557402024,0.0302734375,2326.088365024154,2081.717440461375,3800.6103515625,0.005275235668710773,861.328125,-630.3764536514105,177.3698140554848,-110.1092754272583,4.39976623666292,-52.366562362970605,-34.10111441150149,-5.307773443988861,-6.224571385013748,0.01741496598639458,1
0.003190728094437486,0.0528564453125,2451.2285001771215,1965.9779649092675,3752.16064453125,0.01707086828924666,2842.3828125,-560.3507917346875,189.89877949052396,-131.89465057447777,2.777272191626267,-35.12719441059609,-25.987892250169097,-15.821398353458926,-15.86969968105932,0.03482993197278905,1
0.006638713538406565,0.0794921875,2566.7089564933412,1630.923202186708,4216.201171875,0.06206474896510217,899.609375,-529.4454164820502,157.5573722262796,-186.65291734935818,-16.310707559645778,-36.97757347668661,-1.4707360841529749,-17.829825762130362,-21.49122394993977,0.052244897959183745,1
0.0019877928215335443,0.060872395833333336,2758.537230868545,1633.8818446698951,3710.888671875,0.012448994206416052,2962.96875,-635.3139186307029,160.23131313059062,-148.8053629524163,-1.2984376099585369,-28.743696881071276,-25.024132260872566,-3.998418408499747,-2.09866462971015,0.029024943310657525,1
0.0016818493685327664,0.03759765625,2379.0765076845255,1911.9992000464858,3854.443359375,0.008797684780483992,1263.28125,-626.7282113985591,165.53399165586166,-141.43535236225893,-23.646563380539327,-38.78375066481743,-11.296988274971755,-3.4441252157508293,-5.032611183145123,0.01741496598639458,1
0.0014578421011659794,0.05615234375,2816.455354987218,1966.4632247989712,3488.37890625,0.010340620398170667,3014.6484375,-656.3142550425313,132.77804429909364,-140.64512740280335,-21.781707537511874,-3.9875603606736356,-19.596874417847857,-7.03167741007189,-5.438349898011012,0.02321995464852611,1
0.0013807766370581389,0.02294921875,2995.198481662069,3565.708240687853,3875.9765625,0.004313347452429253,1467.123287671233,-593.094941525066,125.2417838029082,-82.2544228910237,-42.057556965418044,-15.36258970678483,-14.600581468847544,-0.2093412147249577,15.12950677292741,0.011609977324262943,1
0.004003088174200065,0.072265625,2767.5891882466585,1613.4495985848444,3897.509765625,0.02171264478978057,2891.8032786885246,-564.2383640151999,161.50499502433368,-175.87120801954163,-0.6808019854890155,-33.446164297610984,-20.60980137261761,-21.03691920843841,-10.407928579372019,0.029024943310657636,1
0.001509333984239085,0.062337239583333336,2477.5390156016397,1588.201934500572,3402.24609375,0.00668179752505579,1653.75,-641.9716385993934,161.73393253445178,-173.11369165007375,-18.382032220149195,-11.846267190073078,-12.424462104910061,-25.196015162074616,2.7845635109682108,0.029024943310657636,1
0.0026142289410792624,0.0576171875,2844.0642282970325,1441.4956049915825,3624.755859375,0.015532606752329554,3229.98046875,-631.9388732121041,168.1729208002703,-147.2582786760976,19.31135826116638,-54.801532582132495,-51.46738669872806,-14.563362751589702,-2.8674702966137375,0.02321995464852611,1
0.001694402884435216,0.03759765625,2936.306518481718,2435.5713240369955,4209.7412109375,0.0063017902215542375,802.8608582574772,-586.8584394864167,144.9965928734521,-107.56586300329008,7.065805540202502,-40.797408595806345,-23.214239214533137,-3.0294039674070126,4.648866917125303,0.01741496598639458,1
0.0016906003685690995,0.03759765625,2600.7356316496225,2393.7805312002756,3962.109375,0.008200615995471255,1148.4375,-581.9322554653977,158.3369837518323,-112.92841207989994,-16.26825898611476,-39.23549453863309,-22.251379798415353,-10.933347799949832,-16.35280077986574,0.01741496598639458,1
0.0014275599645305612,0.05322265625,2256.298280574436,1858.8847898774086,3581.689453125,0.006971492641043242,861.328125,-627.4711798844932,186.19342839029665,-132.92107394556453,-7.0518117864770575,-36.412750609270034,-23.20516409778026,-15.412839565234309,-6.1603437656844,0.02321995464852611,1
0.003429699665369153,0.06966145833333333,2745.2114246224446,1648.5153431631713,3861.62109375,0.017882793534743,2618.4375,-571.9658729319259,166.3891344266684,-164.70825412632962,-1.7885241885319019,-30.441885310269928,-13.330060751627906,-15.252688600472538,-4.892709641161045,0.029024943310657636,1
0.0019416844775829757,0.06575520833333333,2480.7195972783884,1468.308651600851,3531.4453125,0.01076230466681589,2962.96875,-627.6790952295645,181.6609738860342,-175.3794425010834,-7.685379755823196,-19.250000139282,-21.374553825395612,-17.799485628467412,-7.005951868726879,0.029024943310657636,1
0.0016089934214623988,0.0517578125,2670.2005594971897,1727.975642027055,3843.6767578125,0.006442061535394615,3319.354838709677,-609.1269054058159,177.3369447454028,-155.43250296062104,7.193253676037974,-29.46151284870266,-23.36659467885768,-19.81164961480408,-13.37659703588003,0.023219954648526053,1
0.0017457724718702304,0.0546875,2440.341467672623,1812.8783316511187,4062.59765625,0.005846050376009602,861.328125,-607.848739559248,191.18694489082395,-128.85953314346673,10.351007127027488,-38.88781835382266,-28.532765056648795,-8.99471557903924,-5.340668350518122,0.02321995464852611,1
0.0013400831189548065,0.0615234375,2773.9112698136646,2419.1852687364662,3875.9765625,0.0061039682289206875,861.328125,-616.9863330472223,140.90008422083267,-118.67530820381592,-21.26586788610515,-33.399220001542155,-32.59907456554582,-9.617885784722601,-15.901538328742518,0.02321995464852611,1
0.0014919358941208642,0.03955078125,2481.6963330817607,2156.9045580057245,3337.646484375,0.006581070771486932,1667.405475880052,-615.8048780143472,155.9776739043696,-125.39120708872856,-32.539032503202094,-12.670069415213527,-16.977573498408717,-13.127255396642747,-0.6393152519198227,0.017414965986394526,1
0.002049189997021694,0.04736328125,2451.4074570395564,1682.5986356331848,3725.244140625,0.007831000110133853,2928.515625,-591.8921691849647,201.38890324563002,-134.97312220052436,18.999313505969912,-22.785728427405633,-21.344631157282606,-12.299845015126479,-4.292364105385883,0.02321995464852611,1
0.0014277715000577253,0.03955078125,2557.1219045268726,2282.1032630935083,3761.1328125,0.006052658589700078,1162.79296875,-605.5575875348201,160.86005331909453,-111.2557212819385,-12.523526422671665,-38.01018499604066,-22.504009488267183,-3.9032677249278005,-5.977419438701819,0.02321995464852611,1
0.0016628722272965968,0.052734375,2391.484694508912,1767.2757739370081,3603.22265625,0.007165753123102489,861.328125,-607.3022357282507,191.51953472315702,-138.42359924077016,7.920716208836683,-29.9490852139343,-26.150634044248118,-21.09199712325485,-4.820502911992828,0.02321995464852611,1
0.0021977269034903347,0.041341145833333336,2307.6335980229946,1999.2852743033739,3631.93359375,0.010641502770160068,861.328125,-597.4157090436274,177.85183782088419,-123.69895192104501,-2.8939311930369187,-46.96797328918647,-37.93058124168845,-19.04113778687642,-10.630819916682057,0.029024943310657636,1
0.0020873914822258635,0.057861328125,2604.1189934772983,2053.1127695504924,3477.6123046875,0.014183580294642726,2871.09375,-609.4273494105275,171.74128885531815,-128.37505266798124,-4.735761551076511,-21.65583631295295,-37.77134471508127,-27.196757863688262,-3.4315430220329697,0.03482993197278916,1
0.00307748316176435,0.0595703125,2623.533238300448,2074.4878725810718,4026.708984375,0.015565867926679355,2928.515625,-553.6045335535572,174.0724117283624,-126.83203273797885,-3.944801593998761,-35.37395476091523,-19.230858573584516,-9.784648138664718,-1.9366638489909995,0.03482993197278916,1
0.002572242095996461,0.0694580078125,2775.7147217917745,1933.8716246547372,3886.7431640625,0.015461986378291437,2813.671875,-591.5465858792711,162.47751466132485,-141.43691309384377,5.381256190320682,-39.01648355453342,-31.426647955672728,-15.03662704308547,-1.2120650755168239,0.03482993197278916,1
0.0019745819092476273,0.09833984375,3089.2958150642958,2057.8431363071077,4323.8671875,0.006902516895237068,4210.9375,-600.4720502596853,122.14877002291523,-179.03641478427738,-6.655888333267356,-29.041093716276315,-12.267183460615303,-23.10187025406718,-20.438625490468507,0.05224489795918366,1
0.0017985492200692065,0.09952799479166667,2918.1338235832523,1860.2240898733698,4310.2294921875,0.007392658866084153,1847.9403409090908,-613.5769853602216,146.95202485050797,-185.38037373836042,5.224916799176799,-33.22816335676756,-19.526523949183744,-26.244771927357036,-25.54897086192643,0.06385487528344674,1
0.0009816786459470907,0.02099609375,3388.397474681018,2881.1654092187373,4995.703125,0.0026634687291056864,4306.640625,-640.6694556524175,123.11242357836014,-97.45348464954515,2.576491512446852,-27.00636421207891,-0.4331532706822012,-6.8665799779123535,-8.818942798112701,0.005804988662131519,1
0.001976932567569874,0.094921875,3013.752672005294,1912.1749058697703,4306.640625,0.006702913975617098,1818.359375,-611.3870625895149,127.73229428139504,-192.60438161770838,-7.095412402427731,-32.71836691107759,-23.532474218233624,-30.311543066843264,-27.628317847992783,0.05224489795918369,1
0.0014901714257129167,0.0341796875,2728.3968577410433,2389.5043619271282,3811.376953125,0.005004521280842343,3330.46875,-589.6599408391512,142.95721571877095,-117.34393677088478,-17.41098558652618,-30.064746699665424,-19.804573707903565,-12.231924370238165,-12.442027485406605,0.01741496598639447,1
0.0018359000105104574,0.09931640625,3055.605376606968,1879.3583900781825,4289.4140625,0.006446584510560927,4249.21875,-616.4503892859611,137.97323877911012,-180.78752319414585,5.185532073763693,-25.608278213317266,-13.625551928123718,-23.925558693267305,-23.129439470521465,0.052244897959183675,1
0.0014253160806806133,0.0390625,2819.482993215322,3156.911798158075,5211.03515625,0.0035196598739257205,689.0625,-591.5637661616169,140.18241514956313,-75.30616736319735,-4.187945587445426,-30.92675858261248,4.755887915241833,-6.873357518542303,1.0940837552216938,0.023219954648526078,1
0.0016527200306689018,0.0556640625,2788.023345548696,1992.2062532651832,4328.173828125,0.006326435288450996,861.328125,-605.4327958362395,170.2447502954047,-133.30862077086033,14.941075609361244,-27.94834162811115,-10.802825030272544,-5.646814276537433,-13.049552772071726,0.02321995464852608,1
0.0016024670615943843,0.05078125,2623.767934493309,2251.007515598719,3804.19921875,0.006105520206395402,1205.859375,-587.2361433918584,162.00816850056393,-114.30512836796737,-4.274139721946182,-8.464626172513041,-5.269211755842899,-3.493311364043026,5.37657569897116,0.023219954648526078,1
0.0014962744008764149,0.10205078125,2845.684894467249,2022.0303299447935,4306.640625,0.004635678458619512,566.3316582914573,-656.9389253993262,164.1598382118396,-120.19796084518302,31.87154734235763,-49.33527890337508,-14.106032242887522,-9.28684479012144,-11.137162885001207,0.04063492063492063,1
0.0013205776085785039,0.07275390625,3219.40777971898,2576.41972293978,5440.72265625,0.0046489097548491395,4263.57421875,-622.8806030931521,149.05520835312439,-103.50543506763536,29.33831243046136,-12.743876938299435,8.719100616580066,-19.45550771868765,-23.54705027517285,0.023219954648526067,1
0.0021909885866771735,0.072509765625,2877.126896996121,2124.1654415019407,4834.2041015625,0.012332191485620755,861.328125,-589.5640909657434,151.25697559380356,-153.969921480941,4.277406744861951,-38.57885799535997,-13.165593025270493,-12.408758658411417,-12.073391970476898,0.04063492063492065,1
0.0014984005314976874,0.0390625,3132.985690856366,2971.407345599924,4123.6083984375,0.007400810083400962,3100.78125,-578.4037783110618,119.43081597946559,-105.27675736156878,-18.569653517173933,-29.967497394420743,-23.497763229569046,-11.50582342140424,0.9192043692536458,0.017414965986394526,1
0.0016790994641185484,0.049641927083333336,2776.113351916998,2204.6927383528478,3919.04296875,0.00963286232306674,1309.21875,-604.3160912995608,143.553817265786,-127.07285563736802,-4.0686949419632,-32.34886054779312,-25.70225703438166,-16.802081683735267,0.7752388991364206,0.029024943310657594,1
0.002149594795988548,0.06282552083333333,2710.349228191726,2158.9255599302337,4766.015625,0.010763127418771997,861.328125,-590.1286651480485,166.84188219244885,-149.5777786918685,9.806420685203305,-33.853099954994114,-17.98581218131635,-34.40102373368827,-3.9321873059349977,0.029024943310657598,1
0.001320342097637375,0.05322265625,3374.9671885941116,3078.434667238305,4651.171875,0.004131673151153328,1665.234375,-616.5123575259621,113.34127191833852,-94.85769285653336,-7.122684453327598,-15.766801616392604,4.2741872139189585,-4.108923701137837,-16.685064536791103,0.017414965986394557,1
0.0017002938884821811,0.0224609375,2342.384378429055,2629.3892560842337,4371.240234375,0.003838444310067006,990.52734375,-683.2902515054631,151.73048361028526,-70.14853853337452,6.57069505101335,-33.565637583071045,-0.27815303618746334,1.4945321088736743,-30.973157362977464,0.02321995464852608,1
0.0013343074714312624,0.080322265625,3623.6773448832437,3304.0268031215733,5738.5986328125,0.004160789225721418,1648.828125,-615.1192854106546,101.55363364105277,-99.51653162309718,-1.1065710497327583,-24.85493848569719,6.710813912259114,-16.310878444819313,-10.88460425141049,0.04063492063492066,1
0.0020217217224660364,0.12137276785714286,3267.6861245185073,2044.2382662729676,4488.134765625,0.01397541671612387,3847.265625,-631.0546192661608,133.2273440691793,-144.7630640833747,15.685442375131386,-38.02529845510359,-12.869441757015295,-20.389476187506695,-23.461559160044466,0.06965986394557823,1
0.002304542255612338,0.052734375,2690.857069037727,1879.1098603531036,3797.021484375,0.012509389239541457,2928.515625,-592.6734840060423,151.75043490824055,-161.8149489726671,-19.281859190960983,-35.11344799880788,-25.549056942510166,-17.760531151203867,-16.17652147304354,0.029024943310657636,1
0.001547426109730246,0.05235460069444445,2159.5174758396806,2415.2155762231973,3732.421875,0.005407902863523785,678.2958984375,-657.8183017404477,159.6659618244213,-92.77100946320162,-13.056309457251084,-60.77188005054799,-53.238130539738805,-20.483850162180865,-7.925911894148178,0.09287981859410432,1
0.0017352875369892429,0.040568033854166664,1697.26080592642,1733.3909372415467,3264.07470703125,0.005811240118218124,838.8586956521738,-681.2631607879636,169.70109332325822,-98.09378531125685,-10.426912657905975,-76.30728422505157,-59.33229276180962,-24.660830099750243,-14.519249439487885,0.1335147392290249,1
0.0016418263102897913,0.05126953125,2400.401929552422,1746.6578918731439,3875.9765625,0.009970982029003593,862.1700879765394,-648.6777711040331,174.2664966988213,-150.33509336238157,-14.198736895021007,-44.156652066401755,-27.33277327947382,-14.771466480148083,-3.1289417778229502,0.023219954648526067,1
0.0015037420486489056,0.0337890625,2547.051020317941,3236.638243417527,4147.294921875,0.00349185697366352,1055.126953125,-658.0013032377996,132.521801498736,-69.76542362923803,-30.47696678712515,-48.20184228028232,-29.36436438762202,-1.9597064663498784,-20.7237943434062,0.04643990929705211,1
0.0014772301972953658,0.03125,2735.346517076197,2675.2775272203953,4188.2080078125,0.004344635126415058,1837.5,-638.9879845310377,124.81123565084786,-104.42051716632685,-25.673886989406,-22.447930906706276,-10.143281662388606,-31.189765971894786,-20.23861767647898,0.01741496598639458,1
0.0013766184116203676,0.03369140625,2024.4959849712188,2504.203758803644,3610.400390625,0.003993216557116449,620.15625,-674.1270065452017,152.03974067871468,-90.24760111671013,-28.69027778791909,-56.54150350148446,-25.640321583077153,-18.13798189748226,-7.443330884277581,0.05804988662131519,1
0.001272227121363744,0.0263671875,2102.8038264700763,2267.4760533638196,3639.111328125,0.004976653306076046,948.3870967741934,-637.4929307915877,186.39908702969444,-85.40410283402622,0.17606419670651424,-40.24335018510074,-4.587934936881493,7.989467419899401,-6.4713627843802595,0.023219954648526053,1
0.0011528368569264987,0.0078125,2701.321894467903,3998.679505630313,4392.7734375,0.0031959107180022303,1033.59375,-667.2266183708629,132.58127921958032,-31.89841595376884,-35.264812605500424,-47.809025058568395,-21.981696825951786,-9.417660358451768,-15.072707432135521,0.0058049886621314994,1
0.0015214730672222802,0.03916015625,2154.0835297258427,2163.819433155659,3397.939453125,0.005328540968935856,904.39453125,-634.1422041917771,177.35573914731899,-114.96566964799383,-22.34404629066627,-39.30723928907095,-27.129623078223283,-13.630053068137443,-11.10705323208706,0.046439909297052155,1
0.002572957144005202,0.069091796875,2604.642958750812,1909.5866913100822,3757.5439453125,0.01922974136780162,1648.828125,-566.3191191985426,163.15523805027357,-153.39883333951002,-13.596909669325044,-29.909109725232206,-21.340819828029552,-27.505286992259453,0.3860551809812396,0.04063492063492058,1
0.0017490046161637227,0.076171875,2947.10765885243,1896.169929253257,4299.462890625,0.009325693274814731,2825.15625,-637.6018784758935,141.17399443991044,-146.44594912754013,3.1448409574588596,-34.346902107482286,-23.125553670976917,-18.088219386073376,-6.755378018574487,0.029024943310657608,1
0.0013453364856996237,0.03271484375,2528.3945331701007,2118.933337295947,4026.708984375,0.005297124311125435,2932.333767926988,-616.197563686549,171.16264930295398,-110.40668742396264,-6.853208418723395,-35.942690883221005,-10.153430152120716,15.126629593320875,-2.897655264790722,0.01741496598639447,1
0.0019597354026723328,0.04736328125,2368.929883164317,1578.938822298961,3380.712890625,0.01053748240333281,1120.8211143695014,-621.9078655793778,189.55989094836883,-151.28456816046975,-5.354742301671322,-35.03823233314491,-26.870662393037776,-14.75135664351892,-2.482235803557058,0.023219954648526067,1
0.0016960556878043167,0.062337239583333336,2548.4034227631832,1745.6133461860084,3933.3984375,0.01027320577533548,1309.21875,-632.1107895928175,168.48552332205105,-153.1710382387887,-8.879232814026173,-20.208404238203418,-15.672906573062564,-13.392174003947147,-7.318043457160694,0.029024943310657525,1
0.0018540282190807305,0.0848388671875,2464.7588547663017,2010.2637187343864,4021.32568359375,0.008547915742062881,1079.5312499999998,-622.3919454961306,150.980106469835,-142.00962459100745,-13.70236334665087,-56.16103485859235,-24.02531615941669,-17.594412225987938,-16.365604235045463,0.0870748299319728,1
0.0016347975032430582,0.09990985576923077,2842.222222721866,1888.2503429824783,4565.0390625,0.0071952850135839855,1805.34375,-624.434891657799,142.3622426713852,-186.78973672859834,-4.34619793190929,-32.725092794272854,-13.141390728517344,-20.628040540085575,-20.067805687704833,0.14512471655328796,1
0.0016443601746671253,0.06477864583333333,2905.5835687298645,2193.826249644689,4256.396484375,0.00671612162130941,2825.15625,-580.7322421469717,142.16231478032532,-134.11639422934715,4.2153802195826815,-28.66646483663372,-29.44876607901269,-27.336406938787174,-12.116121802181423,0.02902494331065758,1
0.0019300699656105884,0.06494140625,2619.3383640821144,1706.0612399020483,3761.1328125,0.00826843242300793,2896.325254104769,-615.5277147237016,174.5708675718223,-156.47571571223605,8.165462079322706,-34.801428093432115,-33.76646478927261,-24.28660823544033,-15.837260005979145,0.02902494331065758,1
0.0013847038880730347,0.0224609375,2809.061567750135,3461.3188477619988,4694.23828125,0.004590908409797529,631.640625,-604.0086827826024,138.64226583371493,-62.85503833674099,-15.065244574122582,-43.33978657542464,-7.385289287136301,-0.3010635355635485,0.7262840589304185,0.017414965986394554,1
0.001348585560531163,0.033365885416666664,2636.390985292904,2861.669957440184,4414.306640625,0.00473236390217023,620.6411258795933,-610.3325978558414,147.73863544688172,-86.13076181666133,7.531252769896956,-28.792646288637794,-13.905430466781317,-21.61966629853214,6.7139371503635585,0.02902494331065758,1
0.001512006057737226,0.04345703125,2445.9019341793464,1936.660682185332,3789.84375,0.006941359803503384,861.328125,-614.286797486199,168.95726742364207,-138.84456639465478,-10.724910805047621,-34.951945846499086,-23.705193867077483,-22.71736306546531,2.785470194655028,0.017414965986394557,1
0.0016379141069732693,0.04833984375,2760.714982712691,1681.8411721430891,3779.0771484375,0.008107076609052083,1780.078125,-637.9247826722009,150.73236288506666,-154.26010673632214,6.752839414962098,-13.776830719220058,-27.234723707668266,-27.984089632467995,-15.703392226300572,0.017414965986394526,1
0.0009454771286872066,0.0146484375,2945.002378570006,2705.612397071795,3725.244140625,0.002561765145653703,3617.578125,-678.6116608614539,131.48349220995732,-97.74954879058055,-18.808372581282427,-2.3712616323947002,-10.590275098309707,-4.3657178456893835,-9.307587933265275,0.005804988662131527,1
0.001434861571370252,0.03076171875,2000.8245889132959,2545.5020337079077,2935.693359375,0.0053787474590576145,620.15625,-636.0564717463025,169.3158481583827,-76.36163658735524,-48.750413231805396,-22.920892083474737,-19.91266876439356,-21.556706306423354,0.8780761389826117,0.02902494331065758,1
0.0009618437759008015,0.00732421875,2298.606797326835,2943.609283836894,3596.044921875,0.002392401499855738,689.0625,-669.2438384641779,172.2454360799568,-49.01912589823898,-3.2688982029915286,-30.18940735387639,-17.616462616165045,-1.7453884194921994,4.070689966511294,0.00580498866213152,1
0.0018057385514711258,0.04296875,1829.9559996037158,1985.9807043351275,3011.0595703125,0.004664498466309919,671.8359375,-655.376287519139,186.09952056290913,-91.85877984014651,-11.649795584526705,-41.14182665297638,-38.23205109495382,-18.99339122220099,-4.858930980401198,0.058049886621315196,1
0.001354960711205969,0.02587890625,2428.285147355462,3118.633122554622,3574.51171875,0.0039211834164636925,574.21875,-603.2605478643221,157.71423128056762,-61.79102408379224,-30.711004697395186,-25.032877259908066,-13.82895872982067,-8.355200247172963,-0.21292614401085508,0.017414965986394557,1
0.0016225443914748617,0.05712890625,2718.959860316741,2700.933899033825,3883.154296875,0.006491968226196667,1171.40625,-602.3925186740871,139.5980637857992,-116.93718056946209,-37.54598033584458,-29.639526791616717,-17.912489368409908,-7.07981858202355,4.759979100091184,0.029024943310657594,1
0.0014807685931712714,0.0478515625,2855.4642243827157,2145.8649042027782,4005.17578125,0.0062005530387697246,2469.140625,-635.0930994338396,138.2230065611194,-126.94868321107701,-8.458703708164752,-34.08402221771544,-30.063631512836384,-3.23548723120965,-0.7808072184642745,0.017414965986394554,1
